{
  "project_info": {
    "project_number": "489891182817",
    "firebase_url": "https://whatsapp-98d9f.firebaseio.com",
    "project_id": "whatsapp-98d9f",
    "storage_bucket": "whatsapp-98d9f.appspot.com"
  },
  "client": [
    {
      "client_info": {
        "mobilesdk_app_id": "1:489891182817:android:ea28c1bedc93c3aa",
        "android_client_info": {
          "package_name": "controlcash.example.rafa_.whatsapp"
        }
      },
      "oauth_client": [
        {
          "client_id": "489891182817-omfo13ujcb0dsl63qj5blu9jie0ogthh.apps.googleusercontent.com",
          "client_type": 1,
          "android_info": {
            "package_name": "controlcash.example.rafa_.whatsapp",
            "certificate_hash": "d2547612f86afaec6272521bb13c98335b64f322"
          }
        },
        {
          "client_id": "489891182817-0n99kjrs27goijorihta8t0ck58gd4t4.apps.googleusercontent.com",
          "client_type": 3
        }
      ],
      "api_key": [
        {
          "current_key": "AIzaSyAnJaK0G0ru9R8vgNqhr2wHsGWKbebtgak"
        }
      ],
      "services": {
        "analytics_service": {
          "status": 1
        },
        "appinvite_service": {
          "status": 2,
          "other_platform_oauth_client": [
            {
              "client_id": "489891182817-0n99kjrs27goijorihta8t0ck58gd4t4.apps.googleusercontent.com",
              "client_type": 3
            }
          ]
        },
        "ads_service": {
          "status": 2
        }
      }
    }
  ],
  "configuration_version": "1"
}